course_name,distance,start_point_name,last_point,course_level,course_points,start_coordinates,end_coordinates
관악산 자락길(무장애숲길),1.3km,서울대학교 버스정류장,도토리 쉼터,1,제2광장 자락길(무장애숲길)입구~책읽는 쉼터~잣나무 쉼터~바위쉼터~전망 쉼터~도토리 쉼터,"(126.940820871333, 37.4704850540256)","(126.70388260967522, 37.709530701504725)"
흥인지문구간,1.8km,장충체육관,장충체육관,1,흥인지문-동대문역사문화공원(옛 동대문운동장 터)-광희문-장충체육관,"(127.006808757736, 37.558178171371)","(127.006808757736, 37.558178171371)"
인왕산구간,4km, 사직근린공원,창의문,2,돈의문 터-인왕산 정상-윤동주 시인의 언덕-창의문,"(126.967234174031, 37.5758369436475)","(126.966511201027, 37.5926312540331)"
숭례문구간,1.8km,"시청역 지하철 1, 2호선",돈의문터 강북삼성병원,1,백범광장-남대문시장-숭례문-돈의문터 강북삼성병원,"(126.98116523449427, 37.56624799292946)","(126.96878144640382, 37.568250083468044)"
백악구간,4.70km,자하문고개?윤동주시인의언덕,혜화문,2,창의문 - 숙정문 - 말바위 안내소 - 와룡공원 - 혜화문,"(126.96705382711903, 37.59205026692163)","(127.003835977703, 37.5879039308662)"
남산구간,4.2km,남산북측순환로입구,백범광장,2,장충체육관-국립극장-N서울타워-남산 팔각정-백범광장,"(126.992426498747, 37.5548552460885)","(126.97924870464, 37.5548284375293)"
낙산구간,2.1km,"동대문역 지하철 1,4호선",흥인지문,1,혜화문-낙산공원 놀이마당-이화마을-흥인지문,"(127.01063381083677, 37.571669405802616)","(127.009571946966, 37.571141513487)"
안산 자락길,7km,연희숲속 쉼터,연희숲속 쉼터,1,연희숲속 쉼터,"(126.938712074304, 37.5803485716349)","(126.938712074304, 37.5803485716349)"
인왕산 자락길,2.5km,지하철 3호선 경복궁역 1번 출구,인왕산,1,인왕산,"(126.97220823441525, 37.57619321126696)","(126.95784443609999, 37.58489976333122)"
신정산 자락길,4.6km,버스정류장 15-309,신정산,1,신정산,"(126.844222357179, 37.5104054941364)","(126.86864905748521, 37.506895136874284)"
북한산 자락길,1.2km,버스정류장 정릉초교(08-350),북한산,1,북한산,"(127.005296552073, 37.6199106512568)","(126.97799134593596, 37.65865286599552)"
매봉산 자락길,2km,데크로드 진입공간,매봉산,1,매봉산,"(128.47074149296682, 36.85114139406953)","(127.00902538719544, 37.544501769977565)"
서달산 자락길,0.5km,호국지장사,서달산,1,서달산,"(126.964897504681, 37.4988836325419)","(126.96254154645, 37.497293533764)"
배봉산 자락길,0.73km,배봉산 근린공원,동성빌라,1,배봉산연육교 ~ 제1만남의광장 ~ 동성빌라,"(127.06508376568377, 37.5828053511026)","(127.06625572082065, 37.5855662429419)"
고덕산 자락길,0.7km,강덕초교,고덕산,1,고덕산,"(127.160999540933, 37.5592723291687)","(127.34165308042573, 35.65829988907941)"
용산한강길,8.45Km,"서빙고역, 반포대교",한남역,1,마포대교 원효대교 인근~한강시민공원 이촌지구 인근~동작대교 인근~서빙고역 반포대교 인근~한남역 인근,"(126.9964120905137, 37.51476720580505)","(127.009209110584, 37.5294289189437)"
청계천길,8.13Km,마장역 지하철 5호선,롯데캐슬 베네치아 아파트,1,청계광장 인근~청계2가 인근~청계3가 인근~방산종합상가A동 인근~청평화시장 인근~롯데캐슬 베네치아 아파트 인근,"(127.042984855663, 37.5661389565959)","(127.02158895337773, 37.57114893748801)"
전쟁기념관 산책길,1.63km,전사자영비,전사자영비,1,옥외전시장~전사자영비,"(126.976416259843, 37.5360402713271)","(126.976416259843, 37.5360402713271)"
용산가족 산책길,3.30km,보신각종,보신각종,2,국립중앙박물관~거울못~용산가족공원~보신각종,"(126.982384268156, 37.5230488693401)","(126.982384268156, 37.5230488693401)"
덕수궁 산책길,6.02km,서울시 역사박물관,정동공원,1,덕수궁 돌담길~대한문~경운궁 양이재~홍화문~정동공원,"(126.97785780450153, 37.573986969296435)","(126.97166469208234, 37.567650747545706)"
남산야외식물원 산책길,2.29km,지하철정류장(한강진역1번출입구),팔도소나무 단지,1,라틴아메리카 공원~야생화 공원~ 팔도소나무 단지,"(127.001765135176, 37.5397907743775)","(126.999230557104, 37.5422234846696)"
남산 순환 나들길,9.17km,와룡묘,와룡묘,2,남산도서관앞~N서울타워~남산공원~와룡묘,"(126.98672491234235, 37.55461687930865)","(126.98672491234235, 37.55461687930865)"
한남매봉공원 산책길,1.88km,버스정류장(순천향대학병원),남산공원길,1,단국대학교~매봉산공원~힐사이드아파트~남산공원길,"(127.00426540030378, 37.533768423192)","(126.988230622132, 37.5513049702718)"
성동광진구한강길,12.84Km,영동대교,쉐라톤워커힐호텔,1,"옥수역 인근~서울숲 인근~영동대교 인근~뚝섬유원지 인근~뚝섬유원지, 잠실대교 인근~동서울터미널 인근~올림픽대교, 강변북로 인근~쉐라톤워커힐호텔 인근","(127.05712861432657, 37.53002363662984)","(127.11089257243468, 37.55522778434594)"
어린이대공원 산책길,1.89km,어린이대공원 후문,물놀이장,1,모험의 나라 놀이터~음악분수~전래동화마을~물놀이장,"(127.086640512262, 37.551126006358)","(126.8859566277033, 36.766116555005155)"
아차산 숲 나들길,2.78km,오동나무 자생지,오동나무 자생지,3,만남의 광장~소나무림~아차산성~아차산성 유원지~오동나무 자생지,"(127.063456437396, 37.5689552505827)","(127.063456437396, 37.5689552505827)"
성동 송정둑길,2.93㎞,살곶이다리,응봉역,1,아차산역~어린이대공원~송정동 둑길~살곶이다리~응봉역,"(127.04672549894823, 37.55301902002195)","(127.034483653629, 37.5499526279456)"
서울숲 공원 산책길,5.22km,서울숲 4번 출입구,바람의 언덕,1,숲속길~뚝섬가족마당~거울연못~바람의 언덕,"(127.041448161733, 37.5464635237022)","(128.663149179091, 34.7446210175676)"
서울숲 남산 나들길,8.82km,서울성곽길,서울성곽길,2,용비교~응봉공원~독서당공원~금호산~매봉산~서울성곽길,"(127.00863578989066, 37.58079664277135)","(127.00863578989066, 37.58079664277135)"
정릉천길,3.57Km,제기동역 지하철 1호선,코업스타클래스,1,제기로9길 인근~고산자로58길 인근~코업스타클래스 인근,"(127.03494949507864, 37.57817349658033)","(127.040169848552, 37.6019886657691)"
홍릉수목원길,1.83km,지하철정류장(고려대역3번출입구),조경인의 숲,1,홍릉수목원 입구~조경인의 숲,"(127.03630828564728, 37.59044191064368)","(127.04485106092139, 37.59396455518687)"
배봉산 답십리 나들길,3.51km,버스정류장(배봉초등학교앞),배봉산근린공원 진입,2,배봉산 출입구~답십리 근린공원~배봉산근린공원 진입,"(127.06698424996652, 37.57857772687043)","(127.06508376568377, 37.5828053511026)"
중랑캠핑숲나들길,3.73km,극락사,나들이공원,2,중랑캠핑숲입구~망우산공원입구~나들이공원,"(127.113352149876, 37.6047305330397)","(127.117688046867, 37.3948135940127)"
중랑천제방장미 벚꽃길,5.68km,지하철정류장(태릉입구역8번출입구),수림대장미원,1,사각문~묵동수림공원~수림대장미원,"(127.075405300578, 37.618459513199)","(127.072755480784, 37.614496828969)"
용마산 나들길,4.02km,버스정류장(용마산 한신아파트),사가정공원,3,용마폭포공원~용마산 우수조망명소~깔딱고개~사가정공원,"(127.09594985606692, 37.58132018338221)","(127.096083733232, 37.5797811776291)"
망우산숲나들길,5.51km,전망대,망우사색의 길,2,전망대~망우사색의 길,"(126.988230622132, 37.5513049702718)","(127.115484089844, 37.5978016537852)"
당현천길,2.84Km,노원구민체육센터,학여울 청구아파트,1,상계역 인근~양지마을 대림 2차 아파트 인근~가재울 근린공원 인근~학여울 청구아파트 인근,"(127.07068521303695, 37.648173334503305)","(127.06163253294262, 37.63578987754901)"
묵동천길,3.96Km,봉화산역 지하철 6호선,육사체육관,1,한국아파트 인근~브라운스톤태릉아파트 인근~태릉고등학교 인근~중랑소방서 인근~서울메디컬타워 인근~육사아파트 인근~육사체육관 인근,"(127.09136011564394, 37.617350836302734)","(127.096393214745, 37.6266215939062)"
중랑천길,20.74Km,아차산성,응봉역,1,도봉주공1단지 인근~성균관대도봉선수촌 인근~방학동삼성래미안아파트 인근~창동주공19단지아파트 인근~초안산근린공원 인근~월계삼호4차아파트 인근~두산아파트 석계초등학교 인근~일신강변아파트 인근~동국대사대부속중학교 인근~현대홈타운아파트 인근~성동세무서 인근~응봉역 인근,"(127.10384939033621, 37.556550546054055)","(127.034483653629, 37.5499526279456)"
초안산 나들길(초록숲길),4.59km,지하철정류장(녹천역4번출입구),산사나무 군락지,1,산사나무 군락지,"(127.045826814797, 37.6230048724882)","(129.17896357194925, 35.16801050534417)"
월계근린공원 산책길,1.12km,버스정류장(인덕삼거리),체력장,1,체력장,"(129.403130363087, 35.9952150775176)","(127.17480432229, 37.4473623519786)"
수락산 나들길(초록숲길),7.39km,암불사,수락산정상,3,암불사~도솔봉~수락산정상,"(128.501543571431, 35.5374335573277)","(127.081251662016, 37.6990466348111)"
불암산 나들길,9.79km,학도암 마애관음 보살좌상,삼육대 정문,2,회춘샘 약수터~학도암 마애관음보살 좌상~제명호~삼육대 정문,"(127.089758250757, 37.6519769282791)","(127.107407603219, 37.6384726542803)"
우이천길,7.94Km,서울선곡초등학교,우암빌라,1,서울선곡초등학교 인근~롯데캐슬루나아파트 인근~번2동주민센터 인근~우이제3교 인근~창동태영데시앙아파트 인근~강북중학교 인근~우암빌라 인근,"(127.05841060682638, 37.61865655457298)","(127.48394210742079, 36.65407292846635)"
가오천길,0.21Km,국립재활원,국립재활원,1,본원정사 인근~국립재활원 인근,"(127.01058220054608, 37.63887785974017)","(127.01058220054608, 37.63887785974017)"
대동천길,0.67Km,강북청소년수련관 버스 정류장,산양로 139길,1,선일교통종점 인근~산양로 139길 인근,"(127.006381654394, 37.646010353673)","(127.111702301052, 37.2878815661874)"
도봉천길,2.78Km,성균관대도봉선수촌,성균관대도봉선수촌,1,무궁화제작소 인근~도봉로171길 인근~럭키아파트 인근~형진빌라 인근~도봉로177길 인근~성균관대도봉선수촌 인근,"(127.048482023391, 37.6788251111346)","(127.048482023391, 37.6788251111346)"
방학천길,1.89Km,방학동도깨비시장,동아엔지니어링,1,벽산1차아파트 인근~제일시장 인근~정병원빌딩 인근~동아엔지니어링 인근,"(127.035353021784, 37.6653583281858)","(128.323136651061, 35.2877126326316)"
우이령 나들길,7.95km,오봉전망대,석굴암,2,방문자서비스센터~소귀고개 정상~오봉전망대~석굴암,"(126.99443563557003, 37.68726449590583)","(129.35052073446747, 35.79524166200299)"
오패산 나들길,2.06km,덕릉로 40다길,신망애정자,2,오동공원~꽃샘길~율곡놀이터~신망애정자,"(127.029705176427, 37.633782226242)","(127.041968117025, 37.6099744140464)"
쌍문역사 산책길(초록숲길),5.21km,연산군묘,벚나무길,2,발바닥공원~정자쉼터~쌍문근린공원~벚나무길,"(127.022585202059, 37.66140075096)","(127.21417925169, 36.9790291123886)"
북한산방학 나들길,6.81km,도봉역 1번 출입구,쌍둥이전망대,2,방학동길 진입로~매표소~자현암~장수텃밭~장수천~쌍둥이전망대,"(127.045617237066, 37.6804047684245)","(127.029258665119, 37.6738580420215)"
북서울꿈의숲 산책길,2.01km,월영지,전망대,1,월영지~월광폭포~창포원~전망대,"(127.041361371869, 37.62075225169)","(126.988230622132, 37.5513049702718)"
북서울꿈의숲 나들길,4.71km,오현로 9다길,단풍숲,2,경북문화정보센터~삼각산전망대~생태이동로~단풍숲,"(127.039522541243, 37.6285139839359)","(126.72466537078176, 35.38023948213621)"
성북천길,3.62Km,우진밧데리,동소문로2길,1,안암동주민센터 인근~우진 밧데리 인근~성북교통정보센터 인근~동소문로2길 인근,"(128.06124139977067, 35.19159244422524)","(127.008661571963, 37.588353270733)"
청량산 산책길,2.23km,청량산 산책길,청량근린공원 전망대,1,청량근린공원 전망대,"(127.17645039011323, 37.4798611591225)","(127.055951652816, 37.6021840609912)"
정릉숲 산책길,2.23km,홍살문,정릉,1,정릉 매표소~홍살문~정자각~비각~정릉,"(128.906653729912, 37.2246012366313)","(127.005657675347, 37.6021719603678)"
오동공원 산책길,2.02km,상월곡역 1번 출입구,오동공원,1,오동공원,"(127.044832669541, 37.6199238772375)","(127.041968117025, 37.6099744140464)"
북한산자락 산책길,2.49km,서경대뒷길,서경대평생교육원,1,서경대뒷길~정릉풍림상가~서경대평생교육원,"(127.01335157441319, 37.61537353959452)","(127.011820161258, 37.6148538325537)"
개운산 숲 나들길,2.20km,성북구의회,고려대 북문,1,개운초등학교~성북구의회~고려대 북문,"(127.026266235709, 37.596864138867)","(127.03231892661324, 37.589526761187834)"
인왕산 나들길,3.54km,단군성전,범바위기점,2,단군성전~인왕스카이웨이 산책로~만수천약수터~범바위기점,"(126.965712590742, 37.5760959979199)","(126.965712590742, 37.5760959979199)"
인사동삼청동 나들길,8.12km,국립민속박물관,북촌한옥마을길,2,인사동 네거리~경복궁매표소~청와대분수앞~북촌한옥마을길,"(126.9790159546164, 37.581699691218866)","(126.98481245064092, 37.581768153833444)"
성북동고택북촌산책길,4.16km,이종석 별장,수연산방,2,길상사~심우장~수연산방,"(126.994496929633, 37.5941207111134)","(126.99483655959386, 37.59507217364634)"
북악하늘 나들길,2.79km,숙정문,삼청공원,2,한성대입구역 5번 출입구~호경암~숙정문~말바위 안내소~삼청공원,"(126.98108535517, 37.595654613531)","(126.983686538484, 37.5895823159869)"
북악스카이웨이 나들길,6.96km,성북구민회관,한성대입구역,2,북악스카이웨이 2교~북악팔각정~다모정~하늘한마당~한성대입구역,"(127.00874393379493, 37.5955431812799)","(127.00601781685579, 37.58842461354086)"
부암동 나들길,4.31km,부암동 주민센터,청운공원,2,부암동 주민센터~기차바위~만수천약수터~해맞이동산~청운공원,"(126.964061015983, 37.5924142953596)","(126.96635794202, 37.5910022168413)"
백사실두메 나들길,3.06km,백사실 계곡,북악산길 산책로,2,현통사~백사실계곡~북악산스카이웨이2교~북악산길 산책로,"(126.965438573028, 37.6007182426879)","(126.991982155517, 37.6036818835016)"
도심고궁 나들길,8.60km,돈화문,종묘,2,경복궁~국립민속박물관~종로문화원~창덕궁~창경궁~종묘,"(126.989947194326, 37.5778592902015)","(126.994212979827, 37.5761080433804)"
진관공원 나들길,2.76km,서울둘레길 연계 진입부,정자,1,구파발역 1번 출입구~진관공원 전파기지국~진관초 방향 내리막길~정자,"(127.06066041449286, 37.678914078918574)","(127.10613880132, 37.370150892237)"
서오릉 나들길,4.39km,익릉,순창원,2,수경원~익릉~창릉~홍릉~경릉~순창원,"(126.900425991136, 37.6299129579472)","(126.904048877495, 37.6246289719161)"
탕춘대성 숲 나들길,13.04km,헬기장 전망대,백사실계곡,3,인왕산~개미마을~탕춘대성문~상명대~현통사~백사실계곡,"(129.288290304849, 35.8354079301522)","(126.965438573028, 37.6007182426879)"
안산숲 나들길(초록숲길),2.23km,무악재역 3번 출입구,무학정,1,메타세콰이어 숲~방크스소나무 숲~단풍나무길~벚나무 길~무학정,"(126.94467930282585, 37.58816673332487)","(128.120359450561, 35.9235288188027)"
백련산 나들길(초록숲길),5.09km,백련산 근린공원 입구,은평정,2,소공원~은평정,"(126.919486247888, 37.5827588944865)","(126.92779222301, 37.5915687672918)"
독립공원안산 나들길,3.80km,안산 조망대,안산초화원 포장 산책로,2,서대문 독립공원~안산조망대~안산초화원 포장 산책로,"(126.596768094707, 37.246138589609)","(126.955398396095, 37.5744058898155)"
마포한강길,13.07Km,난지물재생센터,마포대교,1,난지물재생센터 인근~한강수변 인근~패쇄형늪지 인근~난지한강공원 인근~상암선착장 인근~망원초록길 인근~한강시민공원망원지구 인근~강변북로 인근~서강대교 강변북로 인근~마포대교 인근,"(126.847359808526, 37.5870304467244)","(126.9356823021879, 37.53323020730776)"
홍제천길,7.81Km,마포구청역 지하철 6호선,망원유수지체육공원,1,옥천암 인근~포방교 인근~홍제사거리 인근~폭포마당 인근~홍연2교 인근~궁동공원 인근~서울중동초등학교 인근~마포구청 인근~망원유수지체육공원 인근,"(126.903425598797, 37.5634871865932)","(126.89723539426868, 37.5577849600992)"
불광천길,4.43Km,응암역,마포구청역,1,응암역 인근~세절역 인근~중산역 인근~디지털미디어시티역 인근~월드컵경기장역 인근~마포구청역 인근,"(126.9155399209037, 37.5984928632876)","(126.903425598797, 37.5634871865932)"
홍대예술의거리 나들길,3.12km,근현대디자인박물관,홍대걷고싶은길,2,공민왕 사당~와우공원~근현대디자인박물관~홍대걷고싶은길,"(126.929374285025, 37.5517277261062)","(126.924263894094, 37.5559412279911)"
월드컵공원 나들길,19.29km,월드컵경기장역 2번 출입구,평화의공원,3,매봉산입구~난지천공원~노을공원~메타세콰이어길~하늘공원~평화의공원,"(126.899973421904, 37.5753522204347)","(126.89494717019, 37.5624708313012)"
신촌대학탐방 나들길,6.14km,대흥역 1번 출입구,연세대동문,2,서강대정문~노고산~이대정문~연세대동문,"(126.94548461753298, 37.539603410211704)","(126.945759633944, 37.5660622423696)"
상암산 DMC 체험나들길,4.62km,디지털미디어시티역 2번 출입구,매봉산근린공원,2,상암DMC~상암근린공원~매봉산근린공원,"(126.899973421904, 37.5753522204347)","(126.895130423477, 37.5738487629808)"
굴포천(대두둑천),9.35Km,개화동,덕산초등학교대장분교장,1,개화동버스정류장 인근~굴포천하류 인근~김포공항 인근~굴포천상류 인근~덕산초등학교대장분교장 인근,"(126.80616918849312, 37.58166675610356)","(126.791177816437, 37.542233464259)"
강서한강길,8.91Km,전호리마을회관,염창동동아아파트,1,전호리마을회관 인근~서울도시철도공사방화차량기지 인근~강서습지생태공원 인근~축구장 인근~양천향교 인근~가양역 인근~염창동동아아파트 인근,"(126.794971016766, 37.6015831557388)","(126.87286234897358, 37.55469784121982)"
우장산 공원 산책길,2.51km,강서구민회관,한국폴리텍대학앞,1,우장상공원 출입구~우장산생태육교~한국폴리텍대학앞,"(126.843639276562, 37.5535013732138)","(128.66904308520662, 35.22553400081015)"
봉제산 숲 나들길,2.61km,백석중학교후문,등촌중학교후문길,1,담소터~봉제산배드민턴장~등서초등학교운동장~등촌중학교후문길,"(126.858958714072, 37.5483237119528)","(126.859231514504, 37.5524938548861)"
"개화산 나들길(강서 둘레길 1,2코스)",7.74km,내촌마을,약사사,2,하늘길 전망대~개화산 호국충혼비~약사사,"(128.022308321619, 35.8052027678142)","(126.805527673276, 37.5832532491794)"
강서문화 산책길,2.51km,구암공원,허준박물관,1,양천향교~겸재정선기념관~구암공원~허준박물관,"(126.852288177516, 37.5681915373236)","(126.850998403189, 37.5678799742891)"
구로 지양산 숲 나들길,6.90km,구로지양산숲길,궁동터널 위 지양산 숲길 시작,2,지양산 숲길~차돌바위~궁동터널 위 지양산 숲길 시작,"(126.82435212191209, 37.51423030750184)","(126.83099908557676, 37.506455334547866)"
개웅산 숲 산책길,1.50km,배드민턴장,숲속길,1,배드민턴장~야생화단지~숲속길,"(127.430460586297, 36.3180130202897)","(127.2330617107263, 37.01040974000176)"
목감천,3.71Km,평강성서유물박물관,광일초등학교,1,목감천공영무료주차장 인근~개봉3동주민센터 인근~개명초등학교 인근~광일초등학교 인근,"(126.84405487638372, 37.49195809528819)","(129.02980492813276, 35.10384226285341)"
용왕산 나들길,2.63km,신목동역 1번 출입구,달거리약수터,1,용왕산 진입로~용왕정~달거리약수터,"(126.8825316642258, 37.544675243819746)","(126.87964838122834, 37.54329381207953)"
서서울호수공원 산책길,0.96km,버스정류장(서서울호수공원),서서울 호수공원,1,서서울 호수공원,"(126.830251743957, 37.5283197900701)","(126.830251743957, 37.5283197900701)"
달마을공원 산책길,0.59km,생태연못,보호초식물화원,1,진입마당~생태연못~야생초화원~달맞이언덕~아카시아나무 숲길~전망데크~숲속길~보호초식물화원,"(127.08286183982032, 37.27525017296998)","(126.868473273547, 37.5432530617707)"
영등포동작구한강길,21.1Km,나이아가라 호텔,국립현충원,1,나이아가라관광호텔 인근~선유도 인근~KBS견학홀 인근~여의나루역수상택시 인근~조선이흠례묘지 인근~노들섬 인근~국립현충원 인근,"(126.87862382972229, 37.54918529379859)","(126.97840898031565, 37.4998239211339)"
안양천길,15.57Km,석수역,석수역,1,백골부대전적비 인근~목마공원 인근~목동종합운동장 인근~오목교 인근~오금사거리 인근~어린이교통공원 인근~구일역 인근~광명시청 인근~광명시청 인근~가산디지털단지 인근~독산역 인근~석수역 인근,"(126.90232078368835, 37.43509293822681)","(126.90232078368835, 37.43509293822681)"
영등포 봄꽃 나들길,3.84km,신도림역,신풍역,1,도림천역~신도림역~신길공원~신길동 넝쿨장미길~신풍역,"(126.891312500851, 37.508908482648)","(126.90975434386, 37.5001229935524)"
여의도공원 산책길,2.82km,국회의사당역 3번 출입구,여의도공원 광장 여의도샛강생태공원,1,여의도공원 역~ 여의도공원 광장 여의도샛강생태공원,"(126.92378855416125, 37.52259851936328)","(126.915931621256, 37.5220291606566)"
도림천길,10.56Km,보라매공원,청룡산,1,박정희 대통령 흉상 인근~영남중학교 인근~구로디지털단지역 인근~보라매공원 인근~신림역 인근~장군봉근린공원 인근~청룡산 인근,"(126.92051756183096, 37.49328307697023)","(126.945147345633, 37.4748011784324)"
호암산 나들길,3.95km,흔들바위전망대,호압사,3,시흥계곡 입구~산복약수터연못~생태통로~호암폭포~호압사,"(126.911510533536, 37.4455447405375)","(126.92551206795, 37.4524885955858)"
청룡산 나들길,5.87km,관악영어마을,청룡상 산림욕장,1,청룡산 공원~누수식 생태연못~청룡상 산림욕장,"(126.90595089402, 37.5183446426726)","(126.945147345633, 37.4748011784324)"
독산ㆍ삼성산 나들길,5.61km,버스정류장(구민문화체육센터),호압사입구 사거리,1,감로천생태공원~금천전망대~산림감시초소~호압사입구 사거리,"(126.90731703179, 37.470103120825)","(126.92509220902, 37.4519188898555)"
낙성대 산책길,1.22km,낙성대 천문대,낙성대공원,1,안국사~낙성대공원,"(126.960312594227, 37.4695741773455)","(126.960361423801, 37.471296925982)"
관음사 산책길,0.81km,관음사,상록약수터,1,관음사~상록약수터,"(126.55812368447738, 33.423740261241775)","(126.87135895918323, 37.33649769086607)"
관악산 나들길,6.99km,신우초등학교,신우초등학교,2,샘말공원~맨발공원~약수암~신우초등학교,"(126.932794702762, 37.4628690203798)","(126.932794702762, 37.4628690203798)"
관악산 계곡 나들길,5.58km,관악산야외식물원,관악산야외식물원,2,관악산호수공원~용천수~관악산야외식물원,"(126.948136840262, 37.4611179744408)","(126.948136840262, 37.4611179744408)"
동작충효길(7코스_까치산길),3.53km,"경로당, 어린이 놀이터",북카페,1,"서울시립남서울미술관~생태통로~경로당, 어린이놀이터~북카페","(128.733492927729, 36.8902682485911)","(127.060903944952, 37.2746688193986)"
동작충효길(6코스_동작마루길),4.58km,숲길입구,상현중학교,2,청운종합복지원~동작관악적십자봉사관~상현중학교,"(126.626080620413, 33.4229214668695)","(126.96128558902, 37.4942837664176)"
동작충효길(5코스_보라매길),2.50km,보라매 e편한세상 아파트,동작구민회관,2,보라매e편한세상아파트~보라매삼성아파트~동작구민회관,"(126.92855886373948, 37.495425401482)","(126.922743463895, 37.4938972382326)"
동작충효길(4코스_노량진길),3.73km,대방 e편한세상 아파트,무장애 등산로,2,노량진수산시장~대방e편한세상~노량진 근린공원~무장애 등산로,"(126.92908141997638, 37.512043859454984)","(127.075862739078, 37.4787215625192)"
동작충효길(3코스_한강나들길),3.96km,사육신공원 입구,효시정,2,사육신공원입구~노량진배수지시민공원~효시정,"(126.94812736041355, 37.5140792161189)","(126.962747565182, 37.5105419834425)"
동작충효길(2코스_현충원길),2.50Km,버스정류장(정금마을),서달산산책로,2,국립현충원입구~사당출입문~서달산산책로,"(126.981038486298, 37.4946453868931)","(126.96254154645, 37.497293533764)"
동작충효길(1코스_고구동산길),2.80km,고구동산 조망명소,달마사,2,노량진근린공원입구~고구동산조명명소~서달산자연생태탐방로~달마사,"(126.95477265767467, 37.50652342098752)","(126.96270819972, 37.498727988646)"
보라매공원 산책길,1.63km,보라매공원 후문,보라매공원 후문,1,보라매공원 호수~인공암벽등반장~보라매공원 후문,"(126.92051756183096, 37.49328307697023)","(126.92051756183096, 37.49328307697023)"
현충원 나들길,7.34km,버스정류장(정금마을),육탄10용사 현충비,2,정국교~박정희대통령묘소입구~호국지장사~육탄10용사 현충비,"(126.981038486298, 37.4946453868931)","(126.973025354455, 37.5014157931193)"
반포천,2.57Km,고속터미널역,고속터미널역,1,동작역 인근~구반포역 인근~반포주공아파트 인근~반포종합운동장 인근~고속터미널역 인근,"(127.00512100872538, 37.50454885557265)","(127.00512100872538, 37.50454885557265)"
여의천,5.69Km,양재시민의숲역 지하철 신분당선,넘말골,1,양재시민의숲 인근~세원마을 인근~청룡경로당회관 인근~넘말골 인근,"(127.038471341381, 37.4701332061395)","(127.39819186003, 37.1441066932245)"
서리골 서리풀 나들길,3.31km,서리풀 공원 입구,서리풀공원,1,서리골공원~몽마르뜨공원~서리풀공원,"(127.000615134838, 37.4911365828733)","(127.000615134838, 37.4911365828733)"
우면산 나들길,3.86km,예술의전당,소망탑 전망대,2,남부터미널역~소망탑 전망대,"(127.01375358339827, 37.479446101344905)","(127.012136902743, 37.4728130445431)"
세곡천,3.70Km,대왕파출소 버스정류장,헌인릉,1,삼일자동차운전전문학원 인근~대왕초등학교 인근~세곡리엔파크1단지 인근~강남세곡LH푸르지오~헌인릉 인근,"(127.107326502621, 37.4651820217648)","(127.082087774919, 37.4653644311783)"
강남서초한강길,10.17Km,한양8차아파트,청담도로공원,1,한강홍수통제소 인근~달빛광장 인근~한강공원잠원지구 인근~성수대교 인근~한양8차아파트 인근구산아파트 인근~청담도로공원 인근,"(127.04208170995, 37.5300957298357)","(127.063415089058, 37.5201571578704)"
독정천,2.48Km,가든파이브,독정천끝,1,가든파이브(탄천) 인근~성모자애복지관 인근~서울자원 인근~독정천끝 인근,"(127.12479134707128, 37.477790721122545)","(127.407580838103, 36.2653091366677)"
양재천,9.53Km,도곡역,양재1동주민센터,1,학여울역 인근~도곡역 인근~구룡초등학교 인근~양재시민의숲역 인근~양재1동주민센터 인근,"(127.05549883514037, 37.49097398162934)","(127.026728803944, 37.4716393313279)"
구룡산 나들길,6.02km,개암약수터,개암약수터,2,달터근린공원~구룡산길 시작~개암약수터,"(127.06049142598194, 37.471693545493)","(127.06049142598194, 37.471693545493)"
대모산 나들길,4.80km,세곡2보금자리,대모산 정상,2,실로암 약수터~대모산 초소위~독도모형~대모산 정상,"(127.093632346802, 37.4808207821153)","(127.107028141845, 37.4747366056536)"
선정릉나들길,4.15km,봉은사 대웅전,선릉,2,대웅전~미륵대불~선릉외각길~매표소~정릉~전현왕후릉~선릉,"(127.057348355477, 37.515583162726)","(127.04892851392, 37.5091105328378)"
탄천길,7.14Km,가든파이브,잠실종합운동장,1,송파자원순환공원 인근~서울메트로 수서차량사업소 인근~강남주민 편의시설 인근~잠실 우성아파트 인근~잠실종합운동장 인근,"(127.12479134707128, 37.477790721122545)","(127.073024865801, 37.5145906150942)"
송파소리길,30.21km,서울삼전도비,양재천 산책로,3,석촌호수길~한성백제박물관~몽촌토성~양재천 산책로,"(127.101672757528, 37.5105077043292)","(127.046595188917, 37.4818037639471)"
송파강동한강길,17.98Km,종합운동장역 지하철 2호선,춘천고속도로,1,잠실한강공원 인근~잠실대교 인근~한강공원광나루지구 인근~광나루자전거공원 인근~암사동선사주거지 인근~고덕천 인근~춘천고속도로 인근,"(127.073849447402, 37.5111446632705)","(127.62685668172, 37.7384705307325)"
성내천길,5.49Km,한성백제박물관,아남아파트,1,아산병원 인근~풍납중학교 인근~몽촌토성 인근~올림픽수영장 인근~오륜주민센터 인근~오륜사거리 인근~아남아파트 인근,"(127.120895017165, 37.5154126785182)","(127.14599541560086, 37.55812234235813)"
석촌호수 산책길,4.17km,서울삼전도비,방이동백제고분군,1,석촌호수길~석촌동백제초기적성총~방이동백제고분군,"(127.101672757528, 37.5105077043292)","(127.11883559872166, 37.50779587992483)"
몽촌토성 나들길,3.67km,올림픽공원역 1번 출입구,88호수,2,몽촌토성~한성백제박물관~몽촌토성길~88호수,"(127.13147304235781, 37.51654024580638)","(127.12534899788, 37.5219348993789)"
일자산 숲 나들길,5.21km,길동자연생태공원,둔촌이집선생 둔굴,2,길동자연생태공원~강동그린웨이 가족캠핑장~둔촌이집선생 둔굴,"(127.15541883551022, 37.54081566319114)","(127.15541883551022, 37.54081566319114)"
망월천길,3.98Km,강일리버파크2단지,강일리버파크1단지,1,공동주택 인근~강동중학교 인근~강일리버파크2단지 인근~강일리버파크1단지 인근,"(127.17644649415863, 37.56946934224351)","(127.17201752206532, 37.567642354666944)"
고덕천길,4.18Km,문희공유창모역입구,고덕주공6단지,1,고덕천교 인근~고덕차량기지 인근~강동고양차고지 인근~고덕주공6단지 인근,"(127.169352285282, 37.5473278401313)","(127.172845800366, 37.5493905676771)"
고덕산 산책길,1.90km,고덕동 생태경관보전지역,고덕산 정상,1,명일역 3번 출입구~고덕산 정상,"(127.019013990108, 37.0571290260774)","(127.34165308042573, 35.65829988907941)"
8코스-북한산코스,34.5km,도봉탐방지원센터 옆,도봉산역,2,은평뉴타운~선림사~북한산생태공원~탕춘대성암문~불심원~연화정사~성북생태체험관~빨래골지킴터~이준열사묘소~419국립묘지~봉황각~우이령길입구~연산군묘~정의공주묘~무수골~도봉탐방지원센터~도봉산역,"(126.99113199616436, 37.65818337226427)","(127.04606271663916, 37.68951167833238)"
7코스-봉산?앵봉산코스,16.6km,지하철 6호선 월드컵경기장역,구파발역,2,가양역~노을공원~하늘공원~월드컵경기장~봉산~앵봉산~구파발역,"(126.899098148061, 37.5696355653344)","(126.918852820009, 37.6364357889145)"
6코스-안양천코스,18㎞,양화교폭포,가양역,1,석수역~안양천~한강~가양역,"(126.878000262855, 37.5492062751275)","(126.85442142615852, 37.56143311719883)"
5코스-관악산코스,12.7㎞,관악산 끝부분,석수역,2,사당역~관악산~삼성산~석수역,"(126.96389684735281, 37.44446951034434)","(126.90232078368835, 37.43509293822681)"
4코스-대모?우면산코스,17.9㎞,양재시민의숲,사당역,2,수서역~대모산~구룡산~여의천~양재천~우면산~사당역,"(127.038471341381, 37.4701332061395)","(126.98155858357366, 37.47656223234824)"
3코스-고덕?일자산코스,26.1㎞,길동자연생태공원,수서역,1,광나루역~고덕산~일자산~성내천~탄천~수서역,"(127.15541883551022, 37.54081566319114)","(127.104469788175, 37.4852951142482)"
2코스-용마?아차산코스,12.6km,용마산 깔딱고개 쉼터,광나루역,2,화랑대역~묵동천~중랑캠핑숲~망우산~용마산~아차산~광나루역,"(127.10301973778, 37.5786833240152)","(127.103521464507, 37.5452991715677)"
1코스-수락?불암산코스,14.3km,경수사,화랑대역,3,도봉산역~서울창포원~덕릉고개~넓은마당~경수사~성관사~넓적바위~학도암~태릉~화랑대역,"(127.044579376747, 37.4762399085152)","(127.08354181123269, 37.61984245540276)"
